gauge_id,gauge_name,river
149180020,CHAŁUPKI,Odra (1)
149180300,OLZA,Odra (1)
149180010,KRZYŻANOWICE,Odra (1)
150189994,RACIBÓRZ,Odra (1)
150180060,RACIBÓRZ-MIEDONIA,Odra (1)
150180030,KOŹLE,Odra (1)
150170240,KRAPKOWICE,Odra (1)
150170290,OPOLE-GROSZOWICE,Odra (1)
150170230,OPOLE,Odra (1)
150170130,UJŚCIE NYSY KŁODZKIEJ,Odra (1)
150170090,BRZEG,Odra (1)
150170040,OŁAWA,Odra (1)
151170030,TRESTNO,Odra (1)
151160170,BRZEG DOLNY,Odra (1)
151160150,MALCZYCE,Odra (1)
151160130,ŚCINAWA,Odra (1)
151160060,GŁOGÓW,Odra (1)
151150150,NOWA SÓL,Odra (1)
152150130,CIGACICE,Odra (1)
152150050,NIETKÓW,Odra (1)
152140130,POŁĘCKO,Odra (1)
152140090,BIAŁA GÓRA,Odra (1)
152140050,SŁUBICE,Odra (1)
152140060,KOSTRZYN NAD ODRĄ,Odra (1)
152140020,GOZDOWICE,Odra (1)
152140010,BIELINEK,Odra (1)
153140020,WIDUCHOWA,Odra (1)
153140030,GRYFINO,Odra (1)
153140050,SZCZECIN-MOST DŁUGI,Odra (1)
153140190,SZCZECIN-PODJUCHY,Regalica (1975)
150170160,BRANICE,Opawa (112)
150170170,BRANICE,Boczne koryto Opawy (112374)
150179997,OPAWICA,Opawica (1122)
149180130,ISTEBNA,Olza (114)
149180060,CIESZYN,Olza (114)
149180070,CIESZYN,Młynówka (11448)
149180030,ŁAZISKA,Olza (114)
149180050,ZEBRZYDOWICE,Piotrówka (1146)
149189998,ZEBRZYDOWICE,Pielgrzymówka (11468)
149180040,GOŁKOWICE,Szotkówka (1148)
149189999,GODÓW,Lesznica (11488)
150189995,SAMBOROWICE,Psina (1152)
150180040,BOJANÓW,Psina (1152)
150189999,KIETRZ,Troja (11526)
150189996,GRÓDCZANKI,Troja (11526)
150180090,NĘDZA,Sumina (11568)
150180200,GOTARTOWICE,Ruda (1156)
150180280,RYBNIK-GOTARTOWICE,Ruda (1156)
150180130,RYBNIK-STODOŁY,Ruda (1156)
150180110,RUDA KOZIELSKA,Ruda (1156)
150180140,RYBNIK,Nacyna (11564)
150180120,TWORÓG MAŁY,Bierawka (1158)
150180080,GRABÓWKA,Bierawka (1158)
150189993,BIERAWA,Bierawka (1158)
150180250,KŁODNICA,Kłodnica (116)
150180220,GLIWICE,Kłodnica (116)
150180180,GLIWICE-ŁABĘDY,Kłodnica (116)
150180150,PYSKOWICE-DZIERŻNO,Kłodnica (116)
150189992,ŁANY MAŁE,Kłodnica (116)
150180070,LENARTOWICE,Kłodnica (116)
150180240,GLIWICE,Bytomka (1164)
150180170,PYSKOWICE,Drama (1166)
150180160,PYSKOWICE-DZIERŻNO,Drama (1166)
150180010,KAMIONKA,Stradunia (1174)
150170180,RACŁAWICE ŚLĄSKIE,Osobłoga (1176)
150179995,KOMORNIKI,Osobłoga (1176)
150170110,PRUDNIK,Prudnik (11764)
150170080,JARNOŁTÓWEK,Złoty Potok (117644)
150170220,DOBRA,Biała (11768)
150189991,KUCZÓW,Mała Panew (118)
150180190,KRUPSKI MŁYN,Mała Panew (118)
150180100,STANISZCZE WIELKIE,Mała Panew (118)
150180050,OZIMEK,Mała Panew (118)
150180020,TURAWA,Mała Panew (118)
150180230,WESOŁA,Stoła (11816)
150160190,MIĘDZYLESIE,Nysa Kłodzka (12)
150160170,BYSTRZYCA KŁODZKA,Nysa Kłodzka (12)
150160180,KŁODZKO,Nysa Kłodzka (12)
150160220,BARDO,Nysa Kłodzka (12)
150169992,BYCZEŃ,Nysa Kłodzka (12)
150170060,NYSA,Nysa Kłodzka (12)
150170100,KOPICE,Nysa Kłodzka (12)
150170140,SKOROGOSZCZ,Nysa Kłodzka (12)
150160210,WILKANÓW,Wilczka (1212)
150160150,BYSTRZYCA KŁODZKA,Bystrzyca (1214)
150160230,LĄDEK-ZDRÓJ,Biała Lądecka (1216)
150160200,ŻELAZNO,Biała Lądecka (1216)
150160260,BOLESŁAWÓW,Morawka (12162)
150160240,BOLESŁAWÓW,Kamienica (121624)
150160110,SZALEJÓW DOLNY,Bystrzyca Dusznicka (1218)
150160080,TŁUMACZÓW,Ścinawka (122)
150160100,GORZUCHÓW,Ścinawka (122)
150160270,KAMIENIEC ZĄBKOWICKI,Budzówka (1232)
150170070,GŁUCHOŁAZY,Biała Głuchołaska (1258)
150170050,BIAŁA NYSKA,Biała Głuchołaska (1258)
150170120,NIEMODLIN,Ścinawa Niemodlińska (128)
150189997,WIERZCHY,Stobrawa (132)
150189998,WIERZCHY,Młynówka (13212)
150170150,KARŁOWICE,Stobrawa (132)
150179996,WAPIENNIKI,Stobrawa (132)
150170200,DOMARADZ,Bogacica (1324)
150170210,KRZYWA GÓRA,Budkowiczanka (1328)
150179999,OSINA MAŁA,Oława (1334)
150170010,ZBOROWICE,Oława (1334)
150170030,OŁAWA,Oława (1334)
150179998,PRZEWORNO,Krynka (13342)
150170020,KARSZÓWEK,Krynka (13342)
150160250,BIAŁOBRZEZIE,Ślęza (1336)
150160280,BORÓW,Ślęza (1336)
151160230,ŚLĘZA,Ślęza (1336)
151160210,WROCŁAW-ŻERNIKI,Ślęza (1336)
150169991,BORÓW,Mała Ślęza (13364)
150160060,JUGOWICE,Bystrzyca (134)
150160070,LUBACHÓW,Bystrzyca (134)
150160120,KRASKÓW,Bystrzyca (134)
150160160,MIETKÓW,Bystrzyca (134)
151160190,JARNOŁTÓW,Bystrzyca (134)
150160140,DZIERŻONIÓW,Piława (1344)
150160130,MOŚCISKO,Piława (1344)
150169994,PIESZYCE,Pieszycki Potok (13444)
150160290,GNIECHOWICE,Czarna Woda (1346)
150160030,CHWALISZÓW,Strzegomka (1348)
150169995,DOBROMIERZ,Strzegomka (1348)
150160090,ŁAŻANY,Strzegomka (1348)
151160180,BOGDASZOWICE,Strzegomka (1348)
150160050,WAŁBRZYCH-PODGÓRZE,Pełcznica (13486)
150160020,ŚWIEBODZICE,Pełcznica (13486)
151170100,MICHALICE,Widawa (136)
151170090,NAMYSŁÓW,Widawa (136)
151170050,ZBYTOWA,Widawa (136)
151179999,PSIE POLE,Widawa (136)
151170020,WROCŁAW-SOŁTYSOWICE,Widawa (136)
151170010,KRZYŻANOWICE,Widawa (136)
151179993,BOGUSŁAWICE,Ciesielska Woda (136384)
151169995,CHEŁM,Cicha Woda (1378)
151150170,ŚWIERZAWA,Kaczawa (138)
151160020,RZYMÓWKA,Kaczawa (138)
151160050,DUNINO,Kaczawa (138)
151160100,PIĄTNICA,Kaczawa (138)
151169998,PĄTNÓW,Kaczawa (138)
151160120,PROCHOWICE,Kaczawa (138)
150169996,BOLKÓW,Nysa Szalona (1384)
151160090,JAWOR,Nysa Szalona (1384)
151160070,WINNICA,Nysa Szalona (1384)
151160040,BUKOWNA,Czarna Woda (1386)
151160080,RZESZOTARY,Czarna Woda (1386)
151150160,ZAGRODNO,Skora (13866)
151150180,CHOJNÓW,Skora (13866)
151169997,KUNICE,Wierzbiak (1388)
151169996,ŚCINAWA,Zimnica (1392)
151170070,ODOLANÓW,Barycz (14)
151179997,MILICZ,Barycz (14)
151170040,ŁĄKI,Barycz (14)
151179998,ŁĄKI,Kanał Młyński (14672)
151160140,OSETNO,Barycz (14)
151170080,ODOLANÓW,Kuroch (1414)
151179992,ŚWIECA,Złotnica (1416)
151170060,BOGDAJ,Polska Woda (142)
151160220,KANCLERZOWICE,Sąsiecznica (144)
151179996,KUKLINÓW,Orla (146)
151160200,KORZEŃSKO,Orla (146)
151179994,KANIEW,Orlanka (14616)
151179995,SKAŁÓW,Orlanka (14616)
151160160,RYDZYNA,Polski Rów (148)
151169999,CHOCIEMYŚL,Krzycki Rów (154)
151160030,RADZYŃ,Jez. Sławskie (15619)
151160260,SŁAWA ŚLĄSKA,Czernica (15612)
151150190,LUBIATÓW,Obrzyca (156)
152150170,SMOLNO WIELKIE,Obrzyca (156)
151160250,RADZYŃ,Radzyńska Struga (15614)
151160010,KUŹNICA GŁOGOWSKA,Cienica (15616)
151160110,OSŁONIN,Jez. Osłonińskie-Górskie (1564872)
152159997,WOJNOWO,Gniła Obra (1568)
152150060,PRZEŁAZY,Jez. Niesłysz (1581)
152150260,NIESULICE,Ołobok (158)
150159998,OPAWA,Bóbr (16)
150150120,BUKÓWKA,Bóbr (16)
150150130,BŁAŻKOWA,Bóbr (16)
150160010,KAMIENNA GÓRA,Bóbr (16)
150169999,SĘDZISŁAW,Bóbr (16)
150150100,WOJANÓW,Bóbr (16)
150150080,JELENIA GÓRA,Bóbr (16)
150150060,PILCHOWICE,Bóbr (16)
151150140,DĄBROWA BOLESŁAWIECKA,Bóbr (16)
151150120,SZPROTAWA,Bóbr (16)
151150080,ŻAGAŃ,Bóbr (16)
151150050,DOBROSZÓW WIELKI,Bóbr (16)
151150040,NOWOGRÓD BOBRZAŃSKI,Bóbr (16)
152150020,STARY RADUSZEC,Bóbr (16)
150159997,MISZKOWICE,Złotna (161152)
150159996,BŁAŻKOWA,Świdnik (1612)
150169997,KRZESZÓW,Zadrna (1614)
150169998,JACZKÓW,Lesk (1616)
150150090,ŁOMNICA,Łomnica (1618)
150150110,KOWARY,Jedlica (16188)
150150030,JAKUSZYCE,Kamienna (162)
150150050,PIECHOWICE,Kamienna (162)
150150070,JELENIA GÓRA,Kamienna (162)
150159999,CIEPLICE ŚLĄSKIE,Wrzosówka (1628)
150150190,PODGÓRZYN,Podgórna (16288)
150150200,SOSNÓWKA,Sośniak (16288832)
150150040,BARCINEK,Kamienica (1632)
151159997,DĄBROWA BOLESŁAWIECKA,Bobrzyca (1638)
151159996,PARCHÓW,Szprotawa (164)
151150130,SZPROTAWA,Szprotawa (164)
150150010,MIRSK,Kwisa (166)
151150110,GRYFÓW ŚLĄSKI,Kwisa (166)
151150060,LEŚNA,Kwisa (166)
151150100,NOWOGRODZIEC,Kwisa (166)
151150090,ŁOZY,Kwisa (166)
150150020,MIRSK,Czarny Potok (16632)
151159998,KOWALICE,Czerna Wielka (168)
151150070,ŻAGAŃ,Czerna Wielka (168)
151150030,IŁOWA,Czerna Mała (1686)
150140010,PORAJÓW,Nysa Łużycka (174)
150140020,SIENIAWKA,Nysa Łużycka (174)
151140060,ZGORZELEC,Nysa Łużycka (174)
151140040,PRZEWÓZ,Nysa Łużycka (174)
151140010,GUBIN,Nysa Łużycka (174)
150140100,BOGATYNIA,Miedzianka (17416)
150140030,TUROSZÓW,Miedzianka (17416)
151150020,OSTRÓŻNO,Witka (1742)
151149999,NIEDÓW,Witka (1742)
151140050,RĘCZYN,Witka (1742)
151150010,ZGORZELEC,Czerwona Woda (1744)
151159999,MIKUŁOWA,Włosienica (17446)
151140030,PRZEWOŹNIKI,Skroda (1746)
151140020,PLEŚNO,Lubsza (1748)
152140110,SĄDÓW,Pliszka (176)
152140080,MACZKÓW,Ilanka (178)
150190240,KRĘCIWILK,Warta (18)
150190200,LGOTA NADWARCIE,Warta (18)
150190150,PORAJ,Warta (18)
150199995,KORWINÓW,Warta (18)
150190220,MSTÓW,Warta (18)
151190060,BOBRY,Warta (18)
151180130,DZIAŁOSZYN,Warta (18)
151180100,OSJAKÓW,Warta (18)
151180120,BURZENIN,Warta (18)
151180080,SIERADZ,Warta (18)
151189995,WARTA,Warta (18)
151189993,KSIĘŻE MŁYNY,Warta (18)
151180110,UNIEJÓW,Warta (18)
152180120,KOŁO,Warta (18)
152189998,KONIN,Warta (18)
152180050,SŁAWSK,Warta (18)
152170130,LĄD,Warta (18)
152170080,PYZDRY,Warta (18)
152170060,NOWA WIEŚ PODGÓRNA,Warta (18)
152170010,ŚREM,Warta (18)
152160140,POZNAŃ-MOST ROCHA,Warta (18)
152160100,OBORNIKI,Warta (18)
152160050,WRONKI,Warta (18)
152150200,MIĘDZYCHÓD,Warta (18)
152150110,SKWIERZYNA,Warta (18)
152150070,BOREK,Warta (18)
152150080,SANTOK,Warta (18)
152150040,GORZÓW WIELKOPOLSKI,Warta (18)
152150010,ŚWIERKOCIN,Warta (18)
152140070,KOSTRZYN NAD ODRĄ,Warta (18)
150180210,NIWKI,Liswarta (1816)
151189991,ZAWADY,Liswarta (1816)
151190010,KULE,Liswarta (1816)
151199999,KUŹNICA,Kocinka (18168)
151180090,NIECHMIRÓW,Oleśnica (1818)
151190050,SŁOK,Widawka (182)
151190020,SZCZERCÓW,Widawka (182)
151180170,ROGÓŹNO,Widawka (182)
151180140,PODGÓRZE,Widawka (182)
151190030,ŁASK,Grabia (1828)
151180180,GRABNO,Grabia (1828)
151180150,WIDAWA,Nieciecz (18292)
151189992,ROŻDŻAŁY,Pichna (183178)
151189994,PĘCZNIEW,Pichna (183178)
151199998,CHOCIANOWICE,Ner (1832)
151190040,LUTOMIERSK,Ner (1832)
151180160,PODDĘBICE,Ner (1832)
152180150,DĄBIE,Ner (1832)
152180140,GRZEGORZEW,Rgilewka (18332)
152180110,KOŚCIELEC,Kiełbaska (18334)
152189994,GAWRONY,Kanał Ślesiński (1834)
152189995,ŚLESIN,Jez. Mikorzyńskie (183459)
152189997,PĄTNÓW,Kanał Ślesiński (1834)
152180160,KONIN-MORZYSŁAW,Kanał Ślesiński (1834)
152180060,POSOKA,Powa (18352)
152170150,TRĄBCZYN,Bawół (18356)
152170140,POWIDZ,Jez. Powidzkie (183619)
152170160,KOSEWO,Dopływ z jez. Kosewskiego (183616)
152170190,KOCHOWO,Meszna (1836)
152179992,KĄTY,Meszna (1836)
152170120,SAMARZEWO,Wrześnica (1838)
151180070,GORZÓW ŚLĄSKI,Prosna (184)
151180040,MIRKÓW,Prosna (184)
151180020,PIWONICE,Prosna (184)
151170110,BOGUSŁAW,Prosna (184)
152179993,ROBAKÓW,Prosna (184)
151189998,OPATÓW,Pomianka (18418)
151180030,KUŹNICA SKAKAWSKA,Niesób (1842)
151180060,KRASZEWICE,Łużyca (18438)
151180010,OŁOBOK,Ołobok (1844)
151189997,TROJANÓW,Trojanówka (1846)
151180050,DĘBE,Swędrnia (18482)
151189999,KALISZ,Swędrnia (18482)
151189996,PLEWNIA,Żabianka (184824)
152179994,RASZEWY,Lutynia (1852)
152179996,BRODOWO,Moskawa (1854)
152170170,ŚREM-JEZIORO,Jez. Grzymisławskie (185541)
152160090,KOŚCIAN,Kanał Mosiński (1856)
152160130,MOSINA,Kanał Mosiński (1856)
152160060,KONOJAD,Mogilnica (18568)
152169999,DYMACZEWO STARE,Samica Stęszewska (185696)
152169998,JEZIORY,Jez. Góreckie (185696722)
152160150,GŁUSZYNA,Kopel (18574)
152170020,ANTONINEK,Cybina (1858)
152170050,IMIOŁKI,Jez. Lednica (1859219)
152170030,WIERZENICA,Główna (18592)
152179995,JANOWIEC WIELKOPOLSKI,Wełna (186)
152170040,PRUŚCE,Wełna (186)
152160110,KOWANÓWKO,Wełna (186)
152170180,WĄGROWIEC,Jez. Durowo (18647)
152179997,WĄGROWIEC,Gołaniecka Struga (1864)
152179999,POTULICE,Rudka (18658)
152179998,OWCZE GŁOWY,Mała Wełna (1866)
152160120,RYCZYWÓŁ,Flinta (1868)
152160170,POZNAŃ-KIEKRZ,Jez. Kierskie (1871239)
152160080,SZAMOTUŁY,Sama (1872)
152160040,CHRZYPSKO WIELKIE,Jez. Chrzypskie (187439)
152150160,LUBIKOWO,Jez. Lubikowskie (1877879)
152159996,KOPANICA,Obra (1878)
152150210,NĄDNIA,Jez. Zbąszyńskie (187857)
152150270,ZBĄSZYŃ,Jez. Zbąszyńskie (187857)
152150220,ZBĄSZYŃ,Obra (1878)
152159998,MIĘDZYRZECZ,Obra (1878)
152150100,BLEDZEW,Obra (1878)
152160030,OBRA,Dojca (18782)
152160020,SĘPOLNO,Czarna Woda (187872)
152150120,MIĘDZYRZECZ,Paklica (18788)
152180100,ŁYSEK,Noteć (188)
152180090,NOĆ KALINA,Noteć (188)
152180170,POPOWO,Jez. Gopło (18817999)
152180080,KRUSZWICA,Jez. Gopło (18817999)
152180030,PAKOŚĆ,Noteć (188)
153179993,CHOBIELIN,Noteć (188)
153170100,NAKŁO-ZACHÓD,Noteć (188)
153170010,BIAŁOŚLIWIE,Noteć (188)
153160170,UJŚCIE 1,Noteć (188)
153160160,UJŚCIE 2,Noteć (188)
152160070,CZARNKÓW,Noteć (188)
152160010,KRZYŻ,Noteć (188)
152150190,NOWE DREZDENKO,Noteć (188)
152150140,GOŚCIMIEC,Noteć (188)
152150090,SANTOK,Noteć (188)
152180070,PILICH,Dopływ spod Kuśnierza (1881414)
152179991,SKORZĘCIN,Jez. Niedzięgiel (1882119)
152180010,GĘBICE,Mała Noteć (1882)
152189999,JANIKOWO,Jez. Pakoskie Pn. (1882919)
152179990,MOGILNO,Panna (18826)
152179989,MOGILNO,Jez. Mogileńskie (1882679)
152180020,GORYSZEWO,Panna (18826)
152170100,BISKUPIN,Jez. Biskupińskie (18836179)
152170090,ŻNIN,Gąsawka (18836)
152170110,ŻNIN,Jez. Żnińskie Duże (18836519)
153179992,ZAZDROŚĆ,Gąsawka (18836)
153179991,RYNARZEWO,Gąsawka (18836)
152170070,BRZYSKORZYSTEW,Pomorka (188366)
153170040,WYRZYSK,Łobżonka (1884)
152160180,CHODZIEŻ,Jez. Chodzieskie (188583)
153160120,WIERZCHOWO,Jez. Wierzchowo (1886119)
153169995,SPORE,Gwda (1886)
153160300,WIELIMIE,Jez. Wielimie (1886159)
153160200,GWDA WIELKA,Gwda (1886)
153169992,PODGAJE,Gwda (1886)
153160210,PTUSZA,Gwda (1886)
153169994,DOBRZYCA,Gwda (1886)
153160180,PIŁA,Gwda (1886)
153160100,CIEMINO,Jez. Ciemino (18861411)
153160090,KĄDZIELNIA,Nizica (188614)
153169996,JANOWO,Nizica (188614)
153160150,SZCZECINEK,Nizica (188614)
153160220,DŁUGIE,Jez. Dołgie (188617239)
153160260,CZARNE,Czernica (18862)
153160250,OKONEK,Czarna (188654)
153160140,DZIKI,Jez. Remierzewo (18865811)
153169993,PŁYTNICA,Plitnica (188658)
153160050,SIKORY,Jez. Komorze (1886611)
153160290,KOMORZE,Jez. Komorze (1886611)
153160270,RAKOWO,Piława (18866)
153160070,NADARZYCE,Piława (18866)
153160190,ZABRODZIE,Piława (18866)
153160110,WIESIÓŁKA,Dobrzyca (188668)
153160060,NAKIELNO,Jez. Bytyń Wielki (18866881)
153160230,DOBRZYCA,Głomia (18868)
153170160,WIKTORÓWKO,Kocunia (188686)
153170020,BUNTOWO,Jez. Sławianowskie (18868679)
153170150,SŁAWIANOWO,Kocunia (188686)
153160130,STOBNO,Krępica (18872)
153160280,SMOLARNIA,Jez. Straduń (188785)
153160030,STARE DRAWSKO,Drawa (1888)
153160040,CZAPLINEK,Jez. Drawsko (188839)
153169998,RZEPOWO,Drawa (1888)
153169999,GŁĘBOCZEK,Jez. Krosino (1888513)
153150120,DRAWSKO POMORSKIE,Drawa (1888)
153150140,LUBIESZEWO,Jez. Lubie (18885359)
153150110,BOROWO,Drawa (1888)
153150100,DRAWNO,Drawa (1888)
153159997,KAMIENNA,Drawa (1888)
152150240,DRAWINY,Drawa (1888)
153160010,CIESZYNO,Jez. Siecino (18885223)
153150130,MĄKOWARY,Jez. Mąkowarskie (1888587)
153150180,PUSTELNIA,Płociczna (188878)
153150160,WYSPA POKRZYWKA,Jez. Ostrowite (1888785)
153150150,GŁUSKO,Kanał Głuchy (18887892)
153150170,DREWNIANY MOST,Płociczna (188878)
152150150,ŁUGI,Jez. Osiek (18888399)
152150180,MIERZĘCIN,Mierzęcka Struga (18888)
152150230,CHEŁST,Miała (18892)
152150280,GOŚCIM ZHP,Jez. Gostomie (188964)
152150030,RUDNICA,Lubniewka (18962)
152159999,KRZESZYCE,Postomia (18964)
152140120,MYŚLIBÓRZ,Myśla (1912)
152140100,DOLSK,Myśla (1912)
152140040,KURZYCKO,Kurzyca (1914)
152140280,PRZYJEZIERZE-LAS,Słubia (1916)
152140030,PRZYJEZIERZE,Jez. Morzycko (19167)
152140270,MORYŃ,Słubia (1916)
153149999,ŻÓRAWIE,Tywa (1932)
153159999,KLUKI,Jez. Płoń (197639)
153140110,OKUNICA,Płonia (1976)
153149998,ZIELENIEWO,Jez. Miedwie (1976799)
153140200,MORZYCZYN,Jez. Miedwie (1976799)
153140100,ŻELEWO,Płonia (1976)
153159998,RECZ POMORSKI,Ina (198)
153150010,STARGARD SZCZECIŃSKI,Ina (198)
153140090,GOLENIÓW,Ina (198)
153150060,IŃSKO,Jez. Ińsko (198219)
153150020,MORZYCA,Mała Ina (1986)
153150040,GOGOLEWO,Krąpiel (1988)
153140080,WIDZIEŃSKO,Gowienica (314)
153140060,WOLIN,Cieśnina Dziwna (35)
153150090,GOLA DOLNA,Rega (42)
153150080,ŁOBEZ,Rega (42)
153150050,RESKO,Rega (42)
154150010,TRZEBIATÓW,Rega (42)
153150030,KULICE,Sąpólna (4268)
153150070,DROZDOWO,Dębosznica (432168)
154159999,SARBIA,Dębosznica (432168)
154150020,DŹWIRZYNO,Jez. Resko Przymorskie (432199)
153160080,STORKOWO,Parsęta (44)
153169997,STARY CHWALIM,Parsęta (44)
153160020,TYCHÓWKO,Parsęta (44)
154150050,BIAŁOGARD,Parsęta (44)
154150040,BARDY,Parsęta (44)
154160080,CYBULINO,Radew (448)
154169999,KUROWO,Radew (448)
154160020,BIAŁOGÓRZYNO,Radew (448)
154159998,KARLINO,Radew (448)
153160240,BŁOGOWO,Jez. Bobięcińskie Wielkie (46444419)
154169998,CYBULINO,Drężnianka (44816)
154159997,BORKOWICE,Czerwona (454)
154160010,UNIEŚCIE,Jez. Jamno (4561999)
154160030,KOSZALIN,Dzierżęcinka (45614)
154160040,SIANÓW,Unieść (45618)
154160050,BUKOWO MORSKIE,Jez. Bukowo (458199)
154170040,KWISNO,Wieprza (46)
154169994,BROCZYNA,Wieprza (46)
154160120,KORZYBIE,Wieprza (46)
154169997,SŁAWNO,Wieprza (46)
154160070,STARY KRAKÓW,Wieprza (46)
154179999,KWISNO,Doszenica (4616)
154169995,BROCZYNA,Broczynka (4634)
154160130,CIECHOLUB,Studnica (464)
154160100,PIESZCZ,Moszczeniczka (4672)
154169996,POLANÓW,Grabowa (468)
154160090,KRĄG,Grabowa (468)
154160060,GRABOWO,Grabowa (468)
154170170,GOWIDLINO,Jez. Gowidlińskie (472139)
154170120,SOSZYCA,Słupia (472)
154170070,GAŁĄŹNIA MAŁA,Słupia (472)
154170010,SŁUPSK,Słupia (472)
154160140,CHARNOWO,Słupia (472)
154179992,SULECKI BOREK,Sucha (4721552)
154179996,JELEŃ,Jez. Jeleń (472260)
154179997,JUTRZENKA,Kamionka (47246)
154170030,SKARSZÓW DOLNY,Skotawa (4726)
154170020,KRĘPA,Glaźna (4728)
154170140,JASIEŃ,Jez. Jasień Pd. (47413)
154170230,OBROWO,Łupawa (474)
154170150,ZAWIATY,Łupawa (474)
154170080,ŁUPAWA,Łupawa (474)
154179998,DAMNO,Łupawa (474)
154170060,SMOŁDZINO,Łupawa (474)
154170050,GARDNA WIELKA,Jez. Gardno (474799)
154179994,KOZIN,Bukowina (4742)
154180020,MIŁOSZEWO,Łeba (476)
154179993,LĘBORK 1,Łeba (476)
154170160,LĘBORK 2,Łeba (476)
154170110,CECENOWO,Łeba (476)
154170090,IZBICA,Jez. Łebsko (476799)
154170210,KLUKI,Jez. Łebsko (476799)
154170220,RĄBKA,Jez. Łebsko (476799)
154170130,POGORZELICE,Pogorzelica (4764)
154179995,ŁEBA,Jez. Sarbsko (4769279)
154180050,WARSZKOWSKI MŁYN,Piaśnica (4772)
154189999,WIERZCHUCINO,Bychowska Struga (47724)
154189996,SMOLNO,Gizdepka (4776)
154180030,ZAMOSTNE,Reda (478)
154180080,WEJHEROWO,Reda (478)
154189997,BARŁOMINO,Bolszewka (4784)
154180070,BOLSZEWO,Bolszewka (4784)
154189993,GDYNIA-ORŁOWO,Kacza (4798)
150160040,KUDOWA-ZDRÓJ-ZAKRZE,Klikawa (946)
149180200,WISŁA-CZARNE,Wisła (2)
149180180,WISŁA-CZARNE,Biała Wisełka (2111152)
149180160,WISŁA-CZARNE,Wisła (2)
149180140,WISŁA,Wisła (2)
149180110,USTROŃ-OBŁAZIEC,Wisła (2)
149180100,SKOCZÓW,Wisła (2)
149180080,DROGOMYŚL,Wisła (2)
149180190,GOCZAŁKOWICE II,Wisła (2)
149180210,ZABRZEG,Wisła (2)
149180240,GOCZAŁKOWICE,Wisła (2)
149190060,JAWISZOWICE,Wisła (2)
150190140,BIERUŃ NOWY,Wisła (2)
150190170,PUSTYNIA,Wisła (2)
150199992,DWORY,Wisła (2)
150190230,GROMIEC,Wisła (2)
150190360,LAS,Wisła (2)
150190260,SMOLICE,Wisła (2)
149190230,CZERNICHÓW-PROM,Wisła (2)
150199986,TYNIEC,Wisła (2)
150190340,KRAKÓW-BIELANY,Wisła (2)
150209996,PLESZÓW,Wisła (2)
150200060,SIEROSŁAWICE,Wisła (2)
150200100,POPĘDZYNKA,Wisła (2)
150200130,JAGODNIKI,Wisła (2)
150200150,KARSY,Wisła (2)
150210020,SZCZUCIN,Wisła (2)
150210150,KOŁO,Wisła (2)
150210170,SANDOMIERZ,Wisła (2)
150210190,ZAWICHOST,Wisła (2)
150210180,ANNOPOL,Wisła (2)
151210170,PUŁAWY,Wisła (2)
151210190,PUŁAWY-AZOTY,Wisła (2)
151210120,DĘBLIN,Wisła (2)
151210050,GUSIN,Wisła (2)
151210210,KRÓLEWSKI LAS,Wisła (2)
152210040,WARSZAWA-NADWILANÓWKA,Wisła (2)
152210010,WARSZAWA,Wisła (2)
152210170,WARSZAWA-BULWARY,Wisła (2)
152200110,MODLIN,Wisła (2)
152200150,WYCHÓDŹC,Wisła (2)
152200030,WYSZOGRÓD,Wisła (2)
152190120,KĘPA POLSKA,Wisła (2)
152199995,PŁOCK,Wisła (2)
152190030,WŁOCŁAWEK,Wisła (2)
152189993,SILNO,Wisła (2)
153180090,TORUŃ,Wisła (2)
153180020,FORDON,Wisła (2)
153180080,CHEŁMNO,Wisła (2)
153180100,GRUDZIĄDZ,Wisła (2)
153189995,MĄTOWSKI CYPEL,Wisła (2)
154180150,TCZEW,Wisła (2)
154189992,GNIAZDOWO,Wisła (2)
154180220,GDAŃSKA GŁOWA,Wisła (2)
154180190,GDAŃSK-PRZEGALINA,Wisła (2)
154180200,GDAŃSK-ŚWIBNO,Wisła (2)
154180210,GDAŃSK-UJŚCIE WISŁY,Wisła (2)
153189994,MĄTOWSKI CYPEL,Nogat (52)
154190040,NOWOTKI,Nogat (52)
154189991,GDAŃSKA GŁOWA,Szkarpawa (514)
154190020,TUJSK,Szkarpawa (514)
154180160,GDAŃSK-SOBIESZEWO,Martwa Wisła (48)
154180170,WIŚLINA,Motława (486)
154180180,SUCHY DĄB,Bielawa (4864)
149180120,GÓRKI WIELKIE,Brennica (21114)
149180170,BRENNA-STAWY,Leśnica (211146)
149180150,BRENNA-LEŚNICA,Leśnica (211146)
149180250,CZECHOWICE-DZIEDZICE,Iłownica (2112)
149180230,PODKĘPIE,Wapienica (21128)
149190030,MIKUSZOWICE,Biała (2114)
149199999,BIELSKO-BIAŁA,Biała (2114)
149190010,CZECHOWICE-BESTWINA,Biała (2114)
149180090,MIZERÓW-BORKI,Pszczynka (2116)
149180220,PSZCZYNA,Pszczynka (2116)
150199999,MIĘDZYRZECZE,Pszczynka (2116)
150189990,JANKOWICE,Dokawa (21166)
150190020,JANKOWICE-GROBLA,Dokawa (21166)
150190040,MIĘDZYRZECZE,Korzenica (21168)
150189989,PAPROCANY,Gostynia (2118)
150190060,BOJSZOWY,Gostynia (2118)
150190050,BIERUŃ STARY,Mleczna (21188)
150190190,PIWOŃ,Przemsza (212)
150190120,PRZECZYCE,Przemsza (212)
150190130,ŁAGISZA,Przemsza (212)
150199996,BĘDZIN,Przemsza (212)
150190080,RADOCHA,Przemsza (212)
150190180,JELEŃ,Przemsza (212)
150199994,CHEŁMEK,Przemsza (212)
150190210,KUŹNICA SULIKOWSKA,Mitręga (2122)
150190090,DĄBROWA GÓRNICZA,Pogoria (21258)
150190010,BRYNICA,Brynica (2126)
150180270,KOZŁOWA GÓRA,Brynica (2126)
150180260,NAMIARKI,Brynica (2126)
150190030,CZELADŹ,Brynica (2126)
150199997,SOSNOWIEC,Brynica (2126)
150190070,SZABELNIA,Brynica (2126)
150199998,SZOPIENICE,Rawa (21268)
150190270,GOLCZOWICE,Biała Przemsza (2128)
150199988,BŁĘDÓW,Biała Przemsza (2128)
150190250,SŁAWKÓW,Biała Przemsza (2128)
150199993,MACZKI,Biała Przemsza (2128)
150190100,NIWKA,Biała Przemsza (2128)
150199990,RYSZKA,Sztoła (21284)
150199991,SZCZAKOWA,Kozi Bród (21286)
150190110,NIWKA,Bobrek (21288)
149199998,SÓL,Soła (2132)
149190050,RAJCZA,Soła (2132)
149190080,CIĘCINA,Soła (2132)
149190100,ŻYWIEC,Soła (2132)
149190110,MIĘDZYBRODZIE BIALSKIE,Zb. Porąbka (21329399)
149199994,PORĄBKA,Soła (2132)
149190120,CZANIEC-KOBIERNICE,Soła (2132)
150190160,OŚWIĘCIM,Soła (2132)
149199996,RYCERKA DOLNA,Rycerka (213218)
149190040,UJSOŁY,Woda Ujsolska (21322)
149199995,UJSOŁY,Cicha (213224)
149190020,KAMESZNICA,Bystra (213232)
149190090,ŻABNICA,Żabniczanka (213234)
149199997,LIPOWA,Leśnianka (213238)
149199993,JELEŚNIA,Koszarawa (21324)
149190150,PEWEL MAŁA,Koszarawa (21324)
149190070,ŁODYGOWICE,Żylica (213274)
149190140,ŁĘKAWICA,Łękawka (213278)
149190130,ŁĘKAWICA,Kocierzanka (2132788)
150199989,MĘTKÓW,Chechło (21334)
149199990,SPYTKOWICE,Skawa (2134)
149190290,JORDANÓW,Skawa (2134)
149190260,OSIELEC,Skawa (2134)
149190210,SUCHA BESKIDZKA,Skawa (2134)
149190180,WADOWICE,Skawa (2134)
149190170,ZATOR,Skawa (2134)
149199991,BYSTRA,Bystrzanka (21342)
149190190,ZAWOJA,Skawica (21344)
149190220,SKAWICA DOLNA,Skawica (21344)
149190200,SUCHA BESKIDZKA,Stryszawka (21346)
149199992,SUŁKOWICE,Wieprzówka (21348)
149190160,RUDZE,Wieprzówka (21348)
149190270,RADZISZÓW,Skawinka (21356)
150199985,KRYSPINÓW,Sanka (21358)
150199987,KRZESZOWICE,Rudawa (2136)
150190310,BALICE,Rudawa (2136)
149190330,ZBYDNIOWICE,Wilga (21372)
150190330,OJCÓW,Prądnik (21374)
150199984,KRAKÓW-OLSZA,Prądnik (21374)
150209997,ZESŁAWICE,Dłubnia (21376)
149199986,RABKA 1,Raba (2138)
149190340,RABKA 2,Raba (2138)
149200060,MSZANA DOLNA,Raba (2138)
149200040,KASINKA MAŁA,Raba (2138)
149190310,STRÓŻA,Raba (2138)
149200090,DOBCZYCE,Raba (2138)
149209993,GDÓW,Raba (2138)
149200170,PROSZÓWKI,Raba (2138)
149199985,RABKA,Poniczanka (213812)
149200080,MSZANA DOLNA,Mszanka (21382)
149209997,NIEDŹWIEDŹ,Porębianka (213826)
149209998,KASINKA MAŁA,Kasinianka (213832)
149190370,LUBIEŃ,Lubieńka (213834)
149190350,KRZCZONÓW,Krzczonówka (213836)
149209994,MARWIN,Krzyworzeka (213874)
149209996,CZASŁAW,Lipnik (2138744)
149209992,ŁAPANÓW,Stradomka (21388)
149200130,STRADOMKA,Stradomka (21388)
150200070,BISKUPICE,Szreniawa (21392)
150200140,BORZĘCIN,Uszwica (21396)
150209993,SKALBMIERZ,Nidzica (21398)
150200110,DOBIESŁAWICE,Nidzica (21398)
150209994,JANOWICE,Kalinka (2139814)
149199989,KOJSÓWKA,Dunajec (214)
149190280,KONIÓWKA,Dunajec (214)
149200030,NOWY TARG,Dunajec (214)
149200050,NOWY TARG-KOWANIEC,Dunajec (214)
149209991,CZORSZTYN,Dunajec (214)
149200140,SROMOWCE WYŻNE,Dunajec (214)
149200160,KROŚCIENKO,Dunajec (214)
149200190,GOŁKOWICE,Dunajec (214)
149200240,NOWY SĄCZ,Dunajec (214)
149200210,TĘGOBORZE,Dunajec (214)
149209985,ROŻNÓW,Dunajec (214)
149200230,CZCHÓW,Dunajec (214)
149200280,ZGŁOBICE,Dunajec (214)
150200170,ŻABNO,Dunajec (214)
149190300,KOŚCIELISKO-KIRY,Kirowa Woda (214112)
149190360,LUDŹMIERZ,Lepietnica (2141156)
149190390,LUDŹMIERZ,Wielki Rogoźnik (214116)
149199987,NOWE BYSTRE-TYLKI,Bystry (2141162)
149199988,RATUŁÓW,Bystry (2141162)
149190380,ZAKOPANE-HARENDA,Biały Dunajec (21412)
149200020,SZAFLARY,Biały Dunajec (21412)
149190320,ZAKOPANE-DOL.STRĄŻYSKA,Młyniska (214122)
149199984,ZAKOPANE-KUŹNICE,Bystra (214124)
149209999,ZAKOPANE-JASZCZURÓWKA,Olczyski Potok (214126)
149200010,PORONIN,Poroniec (214128)
149200100,ŁYSA POLANA,Białka (214154)
149200110,TRYBSZ 2,Białka (214154)
149209995,TRYBSZ,Młynówka (21415484)
149200070,MORSKIE OKO,Jez. Morskie Oko (2141542)
149200120,NIEDZICA,Niedziczanka (214172)
149200180,SZCZAWNICA,Grajcarek (214196)
149209989,KROŚCIENKO,Krośnica (2141972)
149200150,TYLMANOWA,Ochotnica (2141976)
149200300,MUSZYNA,Poprad (2142)
149200290,MUSZYNA-MILIK,Poprad (2142)
149209983,PIWNICZNA,Poprad (2142)
149200220,STARY SĄCZ,Poprad (2142)
149209981,MUSZYNA,Muszynka (21422)
149209980,KRYNICA,Kryniczanka (214226)
149209984,PIWNICZNA-CZERCZE,Czercz (214252)
149209986,RYTRO,Wielka Roztoka (21426)
149200270,ŁABOWA,Kamienica (21432)
149200250,NOWY SĄCZ,Kamienica (21432)
149209982,JAMNICA,Kamionka (214328)
149200260,NOWY SĄCZ,Łubinka (21434)
149209988,KLĘCZANY,Smolnik (21436)
149209987,ŚWIDNIK,Świdnik (21452)
149209990,PIEKIEŁKO,Łososina (21472)
149200200,JAKUBKOWICE,Łososina (21472)
149219999,BRUNARY,Biała (2148)
149200310,GRYBÓW,Biała (2148)
149200330,CIĘŻKOWICE,Biała (2148)
149200320,KOSZYCE WIELKIE,Biała (2148)
150200010,MNISZEK,Nida (216)
150200030,BRZEGI,Nida (216)
150200080,PIŃCZÓW,Nida (216)
150209991,WIŚLICA,Nida (216)
150200020,BOCHENIEC,Wierna Rzeka (2162)
150200160,DALESZYCE,Czarna Nida (2164)
150200120,MORAWICA,Czarna Nida (2164)
150200040,TOKARNIA,Czarna Nida (2164)
150209988,MĄCHOCICE,Lubrzanka (21644)
150209990,CEDZYNA,Lubrzanka (21644)
150209989,NIESTACHÓW,Warkocz (216446)
150200090,SŁOWIK,Bobrza (21648)
150209995,KRZCIĘCICE,Mierzawa (2166)
150200050,MICHAŁÓW,Mierzawa (2166)
150209992,PAWŁOWICE,Mierzawa (2166)
150210070,WAMPIERZÓW,Breń (2174)
150210010,RAKÓW,Czarna (2178)
150210060,STASZÓW,Czarna (2178)
150210100,POŁANIEC,Czarna (2178)
150219999,JASTRZĘBSKA WOLA,Łagowianka (21782)
150210030,MOCHA,Łagowianka (21782)
150210050,WILKOWA,Wschodnia (21788)
149210090,KREMPNA-KOTAŃ,Wisłoka (218)
149219997,KREMPNA,Wisłoka (218)
149219996,NOWY ŻMIGRÓD,Wisłoka (218)
149210070,ŻÓŁKÓW,Wisłoka (218)
149210050,KRAJOWICE,Wisłoka (218)
149210040,ŁABUZIE,Wisłoka (218)
150219994,BRZEŹNICA,Wisłoka (218)
150210130,PUSTKÓW,Wisłoka (218)
150210120,MIELEC 2,Wisłoka (218)
150219996,MIELEC,Wisłoka (218)
149210010,ROPA,Ropa (2182)
149210030,KLĘCZANY,Ropa (2182)
149210060,TOPOLINY,Ropa (2182)
149210020,GORLICE,Sękówka (21826)
149219998,SIEPIETNICA,Olszynka (21828)
149219994,STASIANIE,Jasiołka (2184)
149210100,ZBOISKA,Jasiołka (2184)
149219995,JEDLICZE,Jasiołka (2184)
149210080,JASŁO,Jasiołka (2184)
150210110,GŁOWACZOWA,Grabinka (21876)
150219998,GRABINY,Grabinka (21876)
150210140,BRZEŹNICA,Brzeźnica (2188)
150219993,PADEW,Babulówka (2192)
150219997,KRĘPA GÓRNA,Koprzywianka (2194)
150219995,KLIMONTÓW,Koprzywianka (2194)
150210160,KOPRZYWNICA,Koprzywianka (2194)
150219988,WOLA RANIŻOWSKA,Łęg (2198)
150219989,WILCZA WOLA,Łęg (2198)
150210200,GRĘBÓW,Łęg (2198)
150219990,KĘPIE ZALESZAŃSKIE,Łęg (2198)
149220150,DWERNIK,San (22)
149220130,ZATWARNICA,San (22)
149220120,SOLINA,San (22)
149220090,MYCZKOWCE,San (22)
149220060,LESKO,San (22)
149220030,OLCHOWCE,San (22)
149220040,DYNÓW,San (22)
149220190,PRZEMYŚL,San (22)
149229993,SOŚNICA,San (22)
149229994,RADYMNO,San (22)
150220100,JAROSŁAW,San (22)
150220090,LEŻACHÓW,San (22)
150220070,RZUCHÓW,San (22)
150229997,RUDNIK,San (22)
150220030,NISKO,San (22)
150210210,RADOMYŚL,San (22)
149220180,STUPOSIANY,Wołosaty (22114)
149220140,POLANA,Czarna (22132)
149220080,CISNA,Solinka (2212)
149220100,TERKA,Solinka (2212)
149220110,KALNICA,Wetlina (22126)
149220070,HOCZEW,Hoczewka (2218)
149220020,SZCZAWNE,Osława (222)
149220050,ZAGÓRZ,Osława (222)
149229995,LESZCZAWA,Stupnica (2236)
149229997,BRZUSKA,Stupnica (2236)
149220160,RYBOTYCZE,Wiar (224)
149220200,KRÓWNIKI,Wiar (224)
149220210,NIENOWICE,Wisznia (2252)
149230020,BUDZYŃ,Szkło (2254)
150220140,CHARYTANY,Szkło (2254)
150239998,LUBACZÓW,Lubaczówka (2256)
150220130,ZAPAŁÓW,Lubaczówka (2256)
149210150,PUŁAWY,Wisłok (226)
149210160,SIENIAWA,Wisłok (226)
149219993,BESKO,Wisłok (226)
149210110,KROSNO,Wisłok (226)
149210130,ŻARNOWA,Wisłok (226)
150220010,RZESZÓW,Wisłok (226)
150229998,DĄBRÓWKI SZLACHECKIE,Wisłok (226)
150220080,TRYŃCZA,Wisłok (226)
149210170,WOLA SĘKOWA,Pielnica (22618)
149220010,NOWOSIELCE,Pielnica (22618)
149210140,ISKRZYNIA,Morwawa (2262)
149210120,GODOWA,Stobnica (2264)
149229999,MANASTERZ,Mleczka (2268)
149229998,KAŃCZUGA,Mleczka (2268)
150220060,GORLICZYNA,Mleczka (2268)
149229996,ZARZECZE,Mleczka Wschodnia (22688)
150229994,DĄBROWICA DUŻA,Złota (2272)
150229995,OŻANNA WIELKA,Złota (2272)
150229993,LUCHÓW,Luchówka (22726)
150220040,SARZYNA,Trzebośnica (2274)
150220160,OSUCHY,Tanew (228)
150229992,MARKOWICZE,Tanew (228)
150220050,HARASIUKI,Tanew (228)
150239999,LUBLINIEC,Wirowa (2282)
150220110,BIŁGORAJ,Łada (2286)
150229991,BRODZIAKI,Czarna Łada (22862)
150220020,RUDA JASTKOWSKA,Bukowa (2294)
150229996,SZEWCE,Rakowa (22942)
150219991,DWIKOZY,Opatówka (2314)
150229999,IRENA,Sanna (232)
151210130,BÓR,Wyżnica (2336)
151200100,BZIN,Kamienna (234)
151210010,WĄCHOCK,Kamienna (234)
151210020,MICHAŁÓW,Kamienna (234)
151210040,BRODY IŁŻECKIE,Kamienna (234)
150210090,KUNÓW,Kamienna (234)
150219992,PODGRODZIE,Kamienna (234)
151210090,CZEKARZEWICE,Kamienna (234)
150210040,RZEPIN,Świślina (2348)
150210080,NIETULISKO DUŻE,Świślina (2348)
150210220,WŁOCHY,Pokrzywianka (23484)
151219998,IŁŻA,Iłżanka (236)
151210080,KAZANÓW,Iłżanka (236)
151219996,CIEPIELÓW,Iłżanka (236)
151220030,WIERZCHONIÓW,Bystra (238)
151229998,WOJCIECHÓW,Czerka (2382)
151220040,WITOWICE,Kurówka (2392)
151229999,KOŃSKOWOLA,Kurówka (2392)
150220170,ZWIERZYNIEC,Wieprz (24)
150230080,MICHALÓW,Wieprz (24)
150230010,NIELISZ,Wieprz (24)
150230020,WIRKOWICE,Wieprz (24)
150230040,KRASNYSTAW,Wieprz (24)
151230010,TRAWNIKI,Wieprz (24)
151229995,ŁĘCZNA,Wieprz (24)
151220090,LUBARTÓW,Wieprz (24)
151220010,KOŚMIN,Wieprz (24)
150220120,ZAKŁODZIE,Pór (24174)
150220150,SUŁÓW,Pór (24174)
150229989,NAWÓZ,Pór (24174)
150229990,SUŁÓW,Stara Gorajka (2417492)
150230030,KRZAK,Łabuńka (242)
150230050,ORŁÓW DREWNIANY,Wolica (2432)
150230060,SURHÓW,Wojsławka (2434)
151220130,BISKUPICE,Giełczewka (244)
151239999,ZAWADÓW,Mogilnica (2452)
151220140,PUCHACZÓW,Świnka (2456)
151220070,LUBLIN,Bystrzyca (246)
151220100,SOBIANOWICE,Bystrzyca (246)
151229996,OSTRÓW LUBELSKI,Tyśmienica (248)
151220110,SIEMIEŃ,Tyśmienica (248)
151220080,TCHÓRZEW,Tyśmienica (248)
151229997,TULNIKI,Piskornica (24832)
151239998,SOSNOWICA,Piwonia (2482)
151220120,PARCZEW,Piwonia (2482)
151229994,PARCZEW,Konotopa (24828)
151220060,BORKI,Bystrzyca (2486)
151220050,MŁYNISKA,Minina (2492)
151200110,SŁOWIKÓW,Radomka (252)
151210060,ROGOŻEK,Radomka (252)
151210030,LESIÓW,Mleczna (2526)
151210110,MIKA,Okrzejka (2532)
151210160,ZAWALINY,Wilga (2536)
151210100,OZIEMKÓWKA,Wilga (2536)
151210070,CYGANÓWKA,Wilga (2536)
151219997,WILGA,Wilga (2536)
151220020,PODOSIE,Dąbrówka (253612)
151210180,MYSŁÓW,Mysłówka (253616)
151210140,ŻELECHÓW,Żelechówka (25362)
151210150,GÓZDEK,Olszanka (253624)
150190320,SZCZEKOCINY,Pilica (254)
150190280,WĄSOSZ,Pilica (254)
151190090,PRZEDBÓRZ,Pilica (254)
151190100,SULEJÓW-KOPALNIA,Pilica (254)
151199997,SULEJÓW,Pilica (254)
151209998,TOMASZÓW MAZ.-BRZOSTÓWKA,Pilica (254)
151209997,TOMASZÓW MAZ-BIAŁOBRZEGI,Pilica (254)
151200020,SPAŁA,Pilica (254)
151200090,NOWE MIASTO,Pilica (254)
151200120,BIAŁOBRZEGI,Pilica (254)
150190290,BONOWICE,Krztynia (25414)
150190300,BONOWICE,Żebrówka (254146)
150209999,PORĘBY,Czarna (2542)
150190350,JANUSZEWICE,Czarna (2542)
150209998,BELINA,Czarna Struga (25426)
150199983,RUDKA,Czarna Struga (25426)
151200060,WĄSOSZ-STARA WIEŚ,Czarna (2544)
151190120,DĄBROWA,Czarna (2544)
151200070,WĄSOSZ-STARA WIEŚ,Krasna (25442)
151190080,KŁUDZICE,Luciąża (25452)
151190110,ZAWADA,Wolbórka (2546)
151209999,TOMASZÓW MAZOWIECKI,Czarna (25468)
151200040,OPOCZNO,Drzewiczka (2548)
151200080,ODRZYWÓŁ,Drzewiczka (2548)
152210070,WÓLKA MLĄDZKA,Świder (256)
152219994,EMÓW,Mienia (2568)
152219998,PIASECZNO 1,Jeziorka (258)
152210020,PIASECZNO 2,Jeziorka (258)
151219999,CHYNÓW,Czarna (2586)
152230120,SIEMIANÓWKA,Zb. Siemianówka (2611399)
152230110,BONDARY,Narew (26)
152230090,NAREW,Narew (26)
152230040,PLOSKI,Narew (26)
152220080,SURAŻ,Narew (26)
153220270,BABINO,Narew (26)
153229994,ŻÓŁTKI,Narew (26)
153220130,STRĘKOWA GÓRA,Narew (26)
153220070,WIZNA,Narew (26)
153220010,PIĄTNICA-ŁOMŻA,Narew (26)
153210210,NOWOGRÓD,Narew (26)
153210090,OSTROŁĘKA,Narew (26)
152219993,RÓŻAN,Narew (26)
152210060,ZAMBSKI KOŚCIELNE,Narew (26)
152209992,DĘBE,Zb. Dębe (2671999)
152219997,PUŁTUSK,Narew (26)
152219999,ZEGRZE,Narew (26)
152200140,DĘBE,Narew (26)
152200130,ORZECHOWO,Narew (26)
152230130,BIAŁOWIEŻA,Narewka (2612)
152230190,BIAŁOWIEŻA-PARK,Narewka (2612)
152230100,NAREWKA,Narewka (2612)
152230060,TRZEŚCIANKA,Rudnia (26136)
152230030,CHRABOŁY,Orlanka (2614)
153230160,GRÓDEK,Supraśl (2616)
153230150,ZAŁUKI,Supraśl (2616)
153230170,NOWOSIÓŁKI,Supraśl (2616)
153230110,SUPRAŚL,Supraśl (2616)
153230010,FASTY,Supraśl (2616)
153239997,LIPOWY MOST,Słoja (261618)
153230140,SOKOŁDA,Sokołda (26162)
153239998,KRÓLOWY MOST,Płoska (26164)
153230080,SOCHONIE,Czarna (26166)
153230060,ZAWADY,Biała (26168)
153220230,KULESZE-CHOBOTKI,Nereśl (2618)
153220180,ZAWADY,Ślina (26194)
153230070,SZTABIN,Biebrza (262)
153220260,DĘBOWO,Biebrza (262)
153220250,STARE DOLISTOWO,Biebrza (262)
153220170,OSOWIEC,Biebrza (262)
153220100,BURZYN,Biebrza (262)
153220030,GAĆ,Gać (2634)
153230130,HARASIMOWICZE,Sidra (26214)
153230100,JASTRZĘBNA,Jastrzębianka (262166)
154220070,WÓLKA,Jez. Rospuda Filipowska (262215)
153220240,RACZKI,Netta (2622)
153220300,AUGUSTÓW,Jez. Necko (262279)
153239999,AUGUSTÓW,Netta (2622)
153230030,SAJENEK,Jez. Sajno (2622939)
153220280,BIAŁOBRZEGI,Netta (2622)
154229997,ZUSNO,Zuźnianka (26222)
154229995,ŻYLINY,Szczeberka (26224)
153220290,SZCZEBRA,Szczeberka (26224)
153230050,PRZEWIĘŹ,Jez. Studzieniczne (2622743)
153230040,PRZEWIĘŹ,Jez. Białe Augustowskie (2622745)
153230020,KARPOWICZE,Brzozówka (2624)
154220060,OLECKO,Jez. Olecko Wielkie (2626139)
153220110,CHEŁCHY,Jegrznia (2626)
153220120,SORDACHY,Jez. Selmęt Wielki (262639)
153220150,KUCZE,Jegrznia (2626)
153220190,RAJGRÓD,Jez. Rajgrodzkie (262679)
153220320,BORZYMY,Przepiórka (262678)
153220200,RAJGRÓD,Jegrznia (2626)
153220210,DRĘSTWO,Jez. Dręstwo (2626939)
153220220,WOŹNAWIEŚ,Jegrznia (2626)
154220020,BORKI,Jez. Litygajno (2628539)
154220030,MAŁE WRONKI,Ełk (2628)
153220040,MALINÓWKA,Jez. Łaśmiady (262879)
153220060,EŁK,Ełk (2628)
153220050,EŁK,Jez. Ełckie (2628939)
153229995,OSTRYKÓŁ,Ełk (2628)
153220080,PROSTKI,Ełk (2628)
153220140,PRZECHODY,Ełk (2628)
153220160,OSOWIEC,Ełk (2628)
154229998,OLSZEWO,Jez. Olszewskie (26285611)
153229997,STARE JUCHY,Gawlik (262876)
153229998,ORZECHOWO,Jez. Szóstak (262876921)
153229996,GORŁO,Dopływ z jez. Szóstak (26287692)
153220310,CZARNA WIEŚ,Kanał Kuwasy (262898)
153220090,CZACHY,Wissa (26296)
154210090,GIŻYCKO,Pisa (264)
153210150,JAGODNE MAŁE,Jez. Jagodne (2641739)
153210110,MIKOŁAJKI,Jez. Mikołajskie (26439)
153210130,GŁODOWO,Jez. Śniardwy (26459)
153210200,MALDANIN,Jez. Roś (264759)
153210250,KARWIK,Pisa (264)
153210260,ROSTKI,Wilkus (264752)
153210190,PISZ,Pisa (264)
153219991,JEŻE,Pisa (264)
153210170,PTAKI,Pisa (264)
153210220,DOBRYLAS,Pisa (264)
154210040,KRONOWO,Jez. Dejguny (2641251)
154219997,STERŁAWKI MAŁE,Kanały Iławki i Dejguny (26412)
153210100,RUCIANE-NIDA,Jez. Nidzkie (2643259)
153219998,SORKWITY,Jez. Gielądzkie (2642199)
153219997,BOROWSKI LAS,Krutynia (2642)
153219996,MACHARY-BRÓD,Krutynia (2642)
153210050,SPYCHOWO,Krutynia (2642)
153210060,ZGON,Jez. Mokre (264279)
153219994,KRUTYŃ,Krutynia (2642)
153210080,UKTA,Krutynia (2642)
153210240,ORZYSZ-BUDA,Jez. Orzysz (264479)
153210230,MIKOSZE,Orzysza (2644)
153220020,ROŻYŃSK,Jez. Druglin (26443239)
153219988,RUDA,Święcek (264756)
153229999,RUDA,Konopka (264758)
153210160,POGUBIE ŚREDNIE,Jez. Pogubie Wielkie (2647943)
153219990,RUDA SKRODA,Skroda (26498)
153219989,KOLNO,Łabna (264986)
153210180,ZARUZIE,Ruż (26516)
153219993,DĘBY,Szkwa (26518)
153219992,DĄBRÓWKA,Szkwa (26518)
153210140,SZKWA,Szkwa (26518)
153210040,MYSZYNIEC,Rozoga (2652)
153210120,WALERY,Rozoga (2652)
153200080,JABŁONKA,Jez. Omulew (26541399)
153209992,WIELBARK,Omulew (2654)
153210010,KRUKOWO,Omulew (2654)
153219995,CZARNOTRZEW,Omulew (2654)
153210070,BIAŁOBRZEG BLIŻSZY,Omulew (2654)
153209993,SĄPŁATY,Jez. Sąpłaty (26542320)
153200150,JĘCZNIK,Jez. Sasek Wielki (26542399)
153200160,WIELBARK,Sawica (26542)
153219999,STARE KIEJKUTY,Jez. Wałpusz (2654459)
152210100,CZARNOWO,Orz (2656)
153210020,KRASNOSIELC,Orzyc (2658)
152210030,MAKÓW MAZOWIECKI,Orzyc (2658)
150240020,KRYŁÓW,Bug (266)
150240010,STRZYŻÓW,Bug (266)
151230060,DOROHUSK,Bug (266)
151230040,WŁODAWA,Bug (266)
152230080,KRZYCZEW,Bug (266)
152230200,ZABUŻE,Bug (266)
152220050,FRANKOPOL,Bug (266)
152229999,MAŁKINIA,Bug (266)
152210090,WYSZKÓW,Bug (266)
152210150,POPOWO,Bug (266)
150239997,WERBKOWICE,Huczwa (2662)
150230070,GOZDÓW,Huczwa (2662)
151239992,OSTRÓW,Udal (26632)
151230050,RUDA-OPALIN,Uherka (26634)
151239996,SUCHAWA,Włodawka (26636)
151230030,OKUNINKA,Włodawka (26636)
151239995,LUTA,Krzywianka (266366)
151239993,ŻŁOBEK,Tarasienka (266368)
151239994,OKUNINKA (TRATWA),Tarasienka (266368)
151230080,OKUNINKA,Jez. Białe (26636890)
152230020,POROSIUKI,Krzna (2664)
152230070,MALOWA GÓRA,Krzna (2664)
152239999,CICIBÓR,Klukówka (26646)
152230050,PERKOWICE,Zielawa (26648)
151230020,ROSSOSZ,Muława (266484)
151239997,DOKUDÓW,Żarnica (266486)
152220060,HRUSZEW,Toczna (26658)
152230010,BOĆKI,Nurzec (2666)
152220070,BRAŃSK,Nurzec (2666)
152229996,HORNOWO,Leśna (26664)
152220030,ZEMBRÓW,Cetynia (266712)
152220020,GOSTKOWO,Brok (26676)
152220090,MIANOWO,Brok (26676)
152210130,NOWE KACZKOWO,Brok (26676)
152229997,PIEŃKI WYCZÓLSKIE,Liwiec (2668)
152220040,KRZEŚLIN,Liwiec (2668)
152220010,ZALIWIE-PIEGAWKI,Liwiec (2668)
152210120,ŁOCHÓW,Liwiec (2668)
152229998,ROZKOSZ,Muchawka (26682)
152210140,JAGODNE,Kostrzyń (26684)
152210110,ZAWISZYN,Osownica (26688)
152210160,ZAWADY,Rządza (26716)
152219995,ŁOSIE,Rządza (26716)
152210080,KLEMBÓW,Cienka (267168)
152219996,ZIELONKA,Długa (267184)
152210050,STRUGA,Czarna (267186)
153209996,DZIAŁDOWO,Wkra (268)
153190160,BRUDNICE,Wkra (268)
152200020,TRZCINIEC,Wkra (268)
152209996,SOCHOCIN,Wkra (268)
152209995,CIEKSYN,Wkra (268)
152200120,BORKOWO,Wkra (268)
153200050,SARNOWO,Szkotówka (2682)
153200020,SZREŃSK,Mławka (2684)
153209997,MOSTOWO,Przylepnica (26848)
152200100,LUBERADZ,Łydynia (2686)
152200060,SARBIEWO,Raciążnica (26872)
152200080,STRACHOWO,Płonka (26876)
152209994,NOWE MIASTO,Sona (2688)
152199998,ŁĘCZYCA,Bzura (stare koryto) (272156)
152190050,KWIATKÓWEK,Bzura (272)
152190090,ORŁÓW,Bzura (272)
152199992,ŁOWICZ,Bzura (272)
152200040,SOCHACZEW,Bzura (272)
152200050,ŻUKÓW,Bzura (272)
152199997,KUTNO,Ochnia (27218)
152190070,ŁĘKI KOŚCIELNE,Ochnia (27218)
151190070,GIECZNO,Moszczenica (2722)
152190100,BIELAWY,Mroga (27234)
152199993,CHRUŚLIN,Bobrówka (27252)
151200010,BORYSŁAW,Skierniewka (27258)
151200030,BOGUSZYCE,Rawka (2726)
151209996,KAMION,Rawka (2726)
152200010,KĘSZYCE,Rawka (2726)
151200050,JULIANÓW,Białka (27266)
152209998,SUCHA NOWA,Sucha (27272)
152209997,DURANÓW,Pisia (27276)
152209993,UTRATA,Utrata (2728)
152200090,KRUBICE,Utrata (2728)
152200070,WŁADYSŁAWÓW,Łasica (27296)
152209999,ŁĘTOWO,Mołtawa (2732)
152199994,PŁOCK-TRZEPOWO,Brzeźnica (2752)
152190060,KLUSEK,Skrwa Lewa (2754)
152190150,LUCIEŃ,Jez. Lucieńskie (2754619)
152190130,LUCIEŃ-OŚRODEK,Jez. Lucieńskie (2754619)
152190140,ZWIERZYNIEC,Dopływ z jez. Lucieńskiego (27546)
153190110,SKRWILNO,Skrwa (2756)
152199996,STUDZIENIEC,Skrwa (2756)
152190080,PARZEŃ,Skrwa (2756)
152190110,SIERPC,Sierpienica (27564)
152189992,WIENIEC,Zgłowiączka (278)
152189991,MARIANKI,Zgłowiączka (278)
152199999,PRZYRUDA,Zgłowiączka (278)
152190020,WŁOCŁAWEK-RUDA,Zgłowiączka (278)
152190010,NOWA WIEŚ,Lubienka (2788)
152190040,LIPNO,Mień (2794)
152180130,OTŁOCZYNEK,Tążyna (2796)
153200010,IDZBARK,Drwęca (28)
153190170,OSTRÓDA,Jez. Drwęckie (28399)
153190140,SAMBOROWO,Drwęca (28)
153190120,RODZONE,Drwęca (28)
153190090,NOWE MIASTO LUBAWSKIE,Drwęca (28)
153190050,BRODNICA,Drwęca (28)
153199998,GOLUB-DOBRZYŃ,Drwęca (28)
153180140,ELGISZEWO,Drwęca (28)
153209998,STARE JABŁONKI,Jez. Szeląg Mały (283219)
153199995,KOŁODZIEJKI,Gizela (2854)
153190080,IŁAWA,Jez. Jeziorak (2856599)
153190100,DZIARNY,Iławka (2856)
153190150,LIDZBARK,Wel (286)
153190130,KULIGI,Wel (286)
153190180,BACHOTEK 2,Skarlanka (2876)
153190070,BACHOTEK,Jez. Bachotek (287693)
153190190,TAMA BRODZKA,Skarlanka (2876)
153190060,RYPIN,Rypienica (288)
153199997,SITNO,Ruziec (2894)
153189996,BARTOSZEWICE,Jez. Wieczno Pn. (289825)
152189996,ROJEWICE,Kanał Zielona Struga (2914)
153189998,DYBOWO,Kanał Zielona Struga (2914)
153179998,NOWA BRDA,Brda (292)
153170030,SZCZYTNO,Jez. Szczytno Małe (292171)
153170050,CIECHOLEWY,Brda (292)
153170080,CHARZYKOWY,Jez. Charzykowskie (292317)
153170060,SWORNEGACIE,Brda (292)
153170120,TUCHOLA,Brda (292)
153179989,KORONOWO,Stare koryto Brdy (29294)
153170140,SMUKAŁA,Brda (292)
153179999,KOCZAŁA,Jez. Dymno (29212)
153179997,WIECZYWNO,Chocina (29232)
153179996,CHOCIŃSKI MŁYN,Chocina (29232)
153179994,WINDORP,Jez. Kruszyńskie (2923617)
153179995,ROLBIK,Zbrzyca (29236)
153170070,SWORNEGACIE,Zbrzyca (29236)
153179990,LEONTYNOWO,Kamionka (2926)
153170110,MOTYL,Sępolna (29274)
153170090,SĘPÓLNO KRAJEŃSKIE,Jez. Sępoleńskie (2927459)
154170180,WAWRZYNOWO,Wda (294)
153170130,JEZIORNA,Jez. Wdzydze (294379)
153180010,CZARNA WODA,Wda (294)
153180050,BŁĘDNO,Wda (294)
153180060,KRĄPLEWICE,Wda (294)
153189999,PUSTKI,Niechwaszcz (2944)
153189997,OSIEK,Jez. Kałębie (2945619)
153180040,TLEŃ,Prusina (2946)
153190020,LISNOWO,Osa (296)
153180150,ROGÓŹNO 2,Osa (296)
153189993,ROGÓŹNO 1,Osa (296)
153199996,KARAŚ,Jez. Karaś (296341)
153190010,ŚWIECIE NAD OSĄ,Lutryna (2966)
153199999,SZEMBRUK,Gardęga (2968)
154180010,SARNOWY,Wierzyca (298)
153180030,BOŻEPOLE SZLACHECKIE,Wierzyca (298)
154180110,ZAPOWIEDNIK,Wierzyca (298)
153180110,BRODY POMORSKIE,Wierzyca (298)
154189995,SKARSZEWY,Wietcisa (2984)
153180070,RADZIEJEWO,Jez. Borzechowskie Wielkie (29868120)
154189994,KLESZCZEWO,Kłodawa (4866)
154179991,STĘŻYCA,Radunia (4868)
154170190,BORUCINO,Jez. Raduńskie Górne (4868119)
154180230,BORUCINO,Radunia (4868)
154170240,BORUCINO,Borucinka (4868114)
154189998,CHMIELONKO,Radunia (4868)
154180040,OSTRZYCE,Jez. Ostrzyckie (48681759)
154180060,GORĘCZYNO,Radunia (4868)
154180130,JUSZKOWO,Radunia (4868)
154180270,PRUSZCZ GDAŃSKI,Radunia (4868)
154180260,PRUSZCZ GDAŃSKI,Kanał Raduński (48696)
154190010,NOWY DWÓR GDAŃSKI,Tuja (5146)
153190030,PRABUTY,Jez. Dzierzgoń (52251)
153180130,KWIDZYN,Liwa (522)
153190040,BĄGART,Elbląg (54)
154190080,ŻUKOWO,Jez. Druzno (5459999)
154190060,ELBLĄG,Elbląg (54)
154190100,PASŁĘK,Wąska (5456)
154190110,NOWE SADŁUKI,Bauda (558)
154190120,BARANÓWKA,Bauda (558)
153200040,TOMARYNY,Pasłęka (56)
153200030,KALISTY,Pasłęka (56)
154209999,OLKOWO,Pasłęka (56)
154190170,ŁOZY,Pasłęka (56)
154190150,PIERZCHAŁY 2,Pasłęka (56)
154190160,PIERZCHAŁY,Pasłęka (56)
154190140,BRANIEWO,Pasłęka (56)
153200060,DOROTOWO,Jez. Wulpińskie (56219)
153209999,BOGACZEWO,Jez. Narie (564219)
154200020,KROSNO,Drwęca Warmińska (566)
154209998,ORNETA,Drwęca Warmińska (566)
154200010,BORNITY,Wałsza (568)
153200070,OLSZTYN-KORTOWO,Łyna (584)
153209995,BUKWAŁD,Łyna (584)
154200030,SMOLAJNY,Łyna (584)
154209996,BARTOSZYCE,Łyna (584)
154210010,SĘPOPOL,Łyna (584)
153209994,STAWIGUDA,Jez. Pluszne Wielkie (5842819)
153200140,DADAJ,Jez. Dadaj (584439)
153200190,KOJTRYNY,Wadąg (5844)
153200180,WILIMY,Biesówka (584434)
153200200,DROSZEWO,Czerwonka (584432)
153200170,KLIMKOWO,Wadąg (5844)
153200090,SZYPRY,Jez. Wadąg (5844959)
153200120,LELESZKI,Jez. Leleskie (5844819)
153200110,PASYM,Jez. Kalwa (584483399)
153200100,KOŚNO,Jez. Kośno (5844859)
153200130,KIKITY,Jez. Luterskie (584619)
154209997,SURYTY,Jez. Blanki (584679)
154200040,PIASECZNO,Elma (58474)
154219998,BIEDASZKI,Guber (5848)
154210020,PROSNA,Guber (5848)
153210030,KIERSZTANOWO,Jez. Juno (5848279)
154219999,BIEDASZKI,Dejna (58482)
154210030,BYKOWO,Sajna (58488)
154210050,LEŚNIEWO,Jez. Rydzówka (58498119)
154219996,HARSZ,Jez. Dargin (582159)
154210060,PRZYSTAŃ,Jez. Mamry (582199)
154210070,WĘGORZEWO,Węgorapa (582)
154210080,PRYNOWO,Węgorapa (582)
154210100,MIEDUNISZKI,Węgorapa (582)
154219994,PRZERWANKI,Sapina (58218)
154219995,STRĘGIELEK,Sapina (58218)
154220050,JURKISZKI,Gołdapa (5824)
154229999,GOŁDAP,Jez. Gołdap (582439)
154220040,GOŁDAP,Gołdapa (5824)
154220110,GOŁDAP 2,Gołdapa (5824)
154220010,BANIE MAZURSKIE,Gołdapa (5824)
154220100,KLESZCZÓWEK,Szeszupa (68)
154230010,POSZESZUPIE,Szeszupa (68)
154220080,WRÓBEL,Jez. Hańcza (6413)
154229996,WRÓBEL,Czarna Hańcza (64)
154220090,BRÓD STARY,Czarna Hańcza (64)
154229994,SOBOLEWO,Czarna Hańcza (64)
154230020,WIGRY,Jez. Wigry (6439)
154230030,CZERWONY FOLWARK,Czarna Hańcza (64)
153230120,JAŁOWY RÓG,Czarna Hańcza (64)
154239999,TARTAK,Piertanka (6434)
153230090,SUCHA RZECZKA,Jez. Serwy (646219)
154230040,ZELWA,Marycha (648)
149220170,KROŚCIENKO,Strwiąż (76)
149190240,JABŁONKA,Czarna Orawa (8222)
149190250,JABŁONKA,Piekielnik (82224)
